Workbook

Sheet Données brutes
A1: Données brutes
A2: Données volontairement imparfaites : elles doivent être contrôlées avant analyse.
A4: Date | B4: Joueur | C4: Type séance | D4: Durée (min) | E4: RPE /10 | F4: Distance (km) | G4: FC moy. (bpm) | H4: Sprints
A5: 46267 | B5: Martin | C5: Endurance | D5: 70 | E5: 5 | F5: 8.4 | G5: 151 | H5: 12
A6: 46267 | B6: Dupont | C6: Endurance | D6: 70 | E6: 6 | F6: 8.1 | G6: 156 | H6: 10
A7: 46267 | B7: Leroy | C7: endurance | D7: 70 | E7: 5 | F7: 8.7 | G7: 149 | H7: 14
A8: 46269 | B8: Martin | C8: Intervalles | D8: 60 | E8: 8 | F8: 7.2 | G8: 168 | H8: 18
A9: 46269 | B9: Dupont | C9: Intervalles | D9: 60 | E9: 7 | F9: 7 | G9: 164 | H9: 16
A10: 46269 | B10: Leroy | C10: Intervalles | D10: 60 | E10: 9 | F10: 7.4 | G10: 172 | H10: 21
A11: 46272 | B11: Martin | C11: Match | D11: 90 | E11: 8 | F11: 10.8 | G11: 171 | H11: 25
A12: 46272 | B12: Dupont | C12: Match | D12: 90 | E12: 18 | F12: 9.9 | G12: 165 | H12: 19
A13: 46272 | B13: Leroy | C13: Match | D13: 90 | E13: 9 | F13: 11.2 | G13: 174 | H13: 28
A14: 46274 | B14: Martin | C14: Récupération | D14: 45 | E14: 3 | F14: 5.2 | G14: 132 | H14: 3
A15: 46274 | B15: Dupont | C15: Récupération | D15: 45 | E15: 4 | F15: 52 | G15: 137 | H15: 2
A16: 46274 | B16: Leroy | C16: Récupération | D16: 45 | E16: 3 | F16: 5.4 | G16: 130 | H16: 4
... A24: 46281 | B24: Dupont | C24: Récupération | D24: 40 | E24: 3 | F24: 4.6 | G24: 134 | H24: 2
A25: 46281 | B25: Leroy | C25: Récupération | D25: 40 | F25: 4.7 | G25: 138 | H25: 3
A26: 46283 | B26: Martin | C26: Match | D26: 90 | E26: 9 | F26: 11.1 | G26: 173 | H26: 27
A27: 46283 | B27: Dupont | C27: Match | D27: 90 | E27: 8 | F27: 10.3 | G27: 168 | H27: 22
A28: 46283 | B28: Leroy | C28: Match | D28: 90 | E28: 9 | F28: 11.5 | G28: 176 | H28: 30
A29: 46283 | B29: Leroy | C29: Match | D29: 90 | E29: 9 | F29: 11.5 | G29: 176 | H29: 30

Sheet Contrôle qualité
A1: Contrôle qualité
A2: Exemple de traçabilité des anomalies détectées et corrigées.
A4: Anomalie | B4: Localisation | C4: Correction | D4: Outil / méthode
A5: Catégorie incohérente | B5: L7 / Type séance | C5: endurance → Endurance | D5: Filtre + recherche/remplacement
A6: RPE impossible | B6: L12 / RPE | C6: 18 → 7 | D6: Tri + contrôle du domaine RPE
A7: Distance aberrante | B7: L15 / Distance | C7: 52 → 5,0 km | D7: Tri + mise en forme conditionnelle
A8: Durée aberrante | B8: L21 / Durée | C8: 650 → 65 min | D8: Tri + filtre
A9: RPE manquant | B9: L25 / RPE | C9: 4 | D9: Filtre des cellules vides + vérification
A10: Doublon | B10: L29 | C10: Suppression de la ligne | D10: Données > Supprimer les doublons

Sheet Dictionnaire
A1: Dictionnaire des données
A2: Description et type des variables utilisées.
A4: Variable | B4: Signification | C4: Type | D4: Unité
A5: Date | B5: Date de la séance | C5: Date | D5: —
A6: Joueur | B6: Identifiant du joueur | C6: Texte | D6: —
A7: Type séance | B7: Nature de la séance | C7: Catégorie | D7: —
A8: Durée (min) | B8: Durée de la séance | C8: Nombre | D8: min
A9: RPE /10 | B9: Perception de l'effort | C9: Nombre | D9: /10
A10: Distance (km) | B10: Distance parcourue | C10: Nombre | D10: km
A11: FC moy. (bpm) | B11: Fréquence cardiaque moyenne | C11: Nombre | D11: bpm
A12: Sprints | B12: Nombre de sprints | C12: Nombre | D12: nombre
A13: Semaine | B13: Semaine du cycle | C13: Catégorie | D13: 1–3
A14: Charge | B14: Durée × RPE | C14: Nombre | D14: unités
A15: Vitesse (km/h) | B15: Distance / durée en heures | C15: Nombre | D15: km/h
... A17: Niveau charge | B17: Catégorie issue de la charge | C17: Catégorie | D17: Faible/Modérée/Élevée

Sheet Base de données
A1: Base de données
A2: Base nettoyée et enrichie par des indicateurs calculés.
A4: Date | B4: Joueur | C4: Type séance | D4: Durée (min) | E4: RPE /10 | F4: Distance (km) | G4: FC moy. (bpm) | H4: Sprints | I4: Semaine | J4: Charge | K4: Vitesse (km/h) | L4: Sprints/heure | M4: Niveau charge
A5: 46267 | B5: Martin | C5: Endurance | D5: 70 | E5: 5 | F5: 8.4 | G5: 151 | H5: 12 | I5: 1 | J5: =D5*E5 -> 350 | K5: =F5/(D5/60) -> 7.2 | L5: =H5/(D5/60) -> 10.285714 | M5: =IF(J5<300,"Faible",IF(J5<=600,"Modérée","Élevée")) -> Modérée
A6: 46267 | B6: Dupont | C6: Endurance | D6: 70 | E6: 6 | F6: 8.1 | G6: 156 | H6: 10 | I6: 1 | J6: =D6*E6 -> 420 | K6: =F6/(D6/60) -> 6.9428571 | L6: =H6/(D6/60) -> 8.5714286 | M6: =IF(J6<300,"Faible",IF(J6<=600,"Modérée","Élevée")) -> Modérée
A7: 46267 | B7: Leroy | C7: Endurance | D7: 70 | E7: 5 | F7: 8.7 | G7: 149 | H7: 14 | I7: 1 | J7: =D7*E7 -> 350 | K7: =F7/(D7/60) -> 7.4571429 | L7: =H7/(D7/60) -> 12 | M7: =IF(J7<300,"Faible",IF(J7<=600,"Modérée","Élevée")) -> Modérée
A8: 46269 | B8: Martin | C8: Intervalles | D8: 60 | E8: 8 | F8: 7.2 | G8: 168 | H8: 18 | I8: 1 | J8: =D8*E8 -> 480 | K8: =F8/(D8/60) -> 7.2 | L8: =H8/(D8/60) -> 18 | M8: =IF(J8<300,"Faible",IF(J8<=600,"Modérée","Élevée")) -> Modérée
A9: 46269 | B9: Dupont | C9: Intervalles | D9: 60 | E9: 7 | F9: 7 | G9: 164 | H9: 16 | I9: 1 | J9: =D9*E9 -> 420 | K9: =F9/(D9/60) -> 7 | L9: =H9/(D9/60) -> 16 | M9: =IF(J9<300,"Faible",IF(J9<=600,"Modérée","Élevée")) -> Modérée
A10: 46269 | B10: Leroy | C10: Intervalles | D10: 60 | E10: 9 | F10: 7.4 | G10: 172 | H10: 21 | I10: 1 | J10: =D10*E10 -> 540 | K10: =F10/(D10/60) -> 7.4 | L10: =H10/(D10/60) -> 21 | M10: =IF(J10<300,"Faible",IF(J10<=600,"Modérée","Élevée")) -> Modérée
A11: 46272 | B11: Martin | C11: Match | D11: 90 | E11: 8 | F11: 10.8 | G11: 171 | H11: 25 | I11: 1 | J11: =D11*E11 -> 720 | K11: =F11/(D11/60) -> 7.2 | L11: =H11/(D11/60) -> 16.666667 | M11: =IF(J11<300,"Faible",IF(J11<=600,"Modérée","Élevée")) -> Élevée
A12: 46272 | B12: Dupont | C12: Match | D12: 90 | E12: 7 | F12: 9.9 | G12: 165 | H12: 19 | I12: 1 | J12: =D12*E12 -> 630 | K12: =F12/(D12/60) -> 6.6 | L12: =H12/(D12/60) -> 12.666667 | M12: =IF(J12<300,"Faible",IF(J12<=600,"Modérée","Élevée")) -> Élevée
A13: 46272 | B13: Leroy | C13: Match | D13: 90 | E13: 9 | F13: 11.2 | G13: 174 | H13: 28 | I13: 1 | J13: =D13*E13 -> 810 | K13: =F13/(D13/60) -> 7.4666667 | L13: =H13/(D13/60) -> 18.666667 | M13: =IF(J13<300,"Faible",IF(J13<=600,"Modérée","Élevée")) -> Élevée
A14: 46274 | B14: Martin | C14: Récupération | D14: 45 | E14: 3 | F14: 5.2 | G14: 132 | H14: 3 | I14: 2 | J14: =D14*E14 -> 135 | K14: =F14/(D14/60) -> 6.9333333 | L14: =H14/(D14/60) -> 4 | M14: =IF(J14<300,"Faible",IF(J14<=600,"Modérée","Élevée")) -> Faible
A15: 46274 | B15: Dupont | C15: Récupération | D15: 45 | E15: 4 | F15: 5 | G15: 137 | H15: 2 | I15: 2 | J15: =D15*E15 -> 180 | K15: =F15/(D15/60) -> 6.6666667 | L15: =H15/(D15/60) -> 2.6666667 | M15: =IF(J15<300,"Faible",IF(J15<=600,"Modérée","Élevée")) -> Faible
A16: 46274 | B16: Leroy | C16: Récupération | D16: 45 | E16: 3 | F16: 5.4 | G16: 130 | H16: 4 | I16: 2 | J16: =D16*E16 -> 135 | K16: =F16/(D16/60) -> 7.2 | L16: =H16/(D16/60) -> 5.3333333 | M16: =IF(J16<300,"Faible",IF(J16<=600,"Modérée","Élevée")) -> Faible
... A28: 46283 | B28: Leroy | C28: Match | D28: 90 | E28: 9 | F28: 11.5 | G28: 176 | H28: 30 | I28: 3 | J28: =D28*E28 -> 810 | K28: =F28/(D28/60) -> 7.6666667 | L28: =H28/(D28/60) -> 20 | M28: =IF(J28<300,"Faible",IF(J28<=600,"Modérée","Élevée")) -> Élevée

Sheet Synthèse
A1: Synthèse
A2: Indicateurs calculés automatiquement à partir de la base nettoyée.
A4: Charge totale par joueur et par semaine
A5: Joueur | B5: Semaine 1 | C5: Semaine 2 | D5: Semaine 3 | E5: Total | F5: Nb séances | G5: Distance totale | H5: Sprints totaux | I5: Charge moyenne
A6: Martin | B6: =SUMIFS('Base de données'!$J:$J,'Base de données'!$B:$B,$A6,'Base de données'!$I:$I,1) -> 1550 | C6: =SUMIFS('Base de données'!$J:$J,'Base de données'!$B:$B,$A6,'Base de données'!$I:$I,2) -> 1105 | D6: =SUMIFS('Base de données'!$J:$J,'Base de données'!$B:$B,$A6,'Base de données'!$I:$I,3) -> 930 | E6: =SUM(B6:D6) -> 3585 | F6: =COUNTIF('Base de données'!$B:$B,$A6) -> 8 | G6: =SUMIF('Base de données'!$B:$B,$A6,'Base de données'!$F:$F) -> 64.4 | H6: =SUMIF('Base de données'!$B:$B,$A6,'Base de données'!$H:$H) -> 120 | I6: =AVERAGEIF('Base de données'!$B:$B,$A6,'Base de données'!$J:$J) -> 448.125
A7: Dupont | B7: =SUMIFS('Base de données'!$J:$J,'Base de données'!$B:$B,$A7,'Base de données'!$I:$I,1) -> 1470 | C7: =SUMIFS('Base de données'!$J:$J,'Base de données'!$B:$B,$A7,'Base de données'!$I:$I,2) -> 1150 | D7: =SUMIFS('Base de données'!$J:$J,'Base de données'!$B:$B,$A7,'Base de données'!$I:$I,3) -> 840 | E7: =SUM(B7:D7) -> 3460 | F7: =COUNTIF('Base de données'!$B:$B,$A7) -> 8 | G7: =SUMIF('Base de données'!$B:$B,$A7,'Base de données'!$F:$F) -> 61.2 | H7: =SUMIF('Base de données'!$B:$B,$A7,'Base de données'!$H:$H) -> 100 | I7: =AVERAGEIF('Base de données'!$B:$B,$A7,'Base de données'!$J:$J) -> 432.5
A8: Leroy | B8: =SUMIFS('Base de données'!$J:$J,'Base de données'!$B:$B,$A8,'Base de données'!$I:$I,1) -> 1700 | C8: =SUMIFS('Base de données'!$J:$J,'Base de données'!$B:$B,$A8,'Base de données'!$I:$I,2) -> 1095 | D8: =SUMIFS('Base de données'!$J:$J,'Base de données'!$B:$B,$A8,'Base de données'!$I:$I,3) -> 970 | E8: =SUM(B8:D8) -> 3765 | F8: =COUNTIF('Base de données'!$B:$B,$A8) -> 8 | G8: =SUMIF('Base de données'!$B:$B,$A8,'Base de données'!$F:$F) -> 66.2 | H8: =SUMIF('Base de données'!$B:$B,$A8,'Base de données'!$H:$H) -> 138 | I8: =AVERAGEIF('Base de données'!$B:$B,$A8,'Base de données'!$J:$J) -> 470.625
A10: Indicateurs équipe
A11: Nombre de séances | B11: =COUNTA('Base de données'!B5:B28) -> 24
A12: Charge totale | B12: =SUM('Base de données'!J5:J28) -> 10810
A13: Charge moyenne / séance | B13: =AVERAGE('Base de données'!J5:J28) -> 450.41667
A14: Distance totale | B14: =SUM('Base de données'!F5:F28) -> 191.8
A15: Sprints totaux | B15: =SUM('Base de données'!H5:H28) -> 358

Sheet Tableaux croisés
A1: Tableaux croisés
A2: Synthèses de type TCD réalisées à partir des données nettoyées.
A4: TCD 1 — Charge totale par joueur | D4: TCD 2 — Charge par joueur et par semaine
A5: Joueur | B5: Charge totale | D5: Joueur | E5: Semaine 1 | F5: Semaine 2 | G5: Semaine 3
A6: Martin | B6: =SUMIF('Base de données'!$B:$B,A6,'Base de données'!$J:$J) -> 3585 | D6: Martin | E6: =SUMIFS('Base de données'!$J:$J,'Base de données'!$B:$B,$D6,'Base de données'!$I:$I,1) -> 1550 | F6: =SUMIFS('Base de données'!$J:$J,'Base de données'!$B:$B,$D6,'Base de données'!$I:$I,2) -> 1105 | G6: =SUMIFS('Base de données'!$J:$J,'Base de données'!$B:$B,$D6,'Base de données'!$I:$I,3) -> 930
A7: Dupont | B7: =SUMIF('Base de données'!$B:$B,A7,'Base de données'!$J:$J) -> 3460 | D7: Dupont | E7: =SUMIFS('Base de données'!$J:$J,'Base de données'!$B:$B,$D7,'Base de données'!$I:$I,1) -> 1470 | F7: =SUMIFS('Base de données'!$J:$J,'Base de données'!$B:$B,$D7,'Base de données'!$I:$I,2) -> 1150 | G7: =SUMIFS('Base de données'!$J:$J,'Base de données'!$B:$B,$D7,'Base de données'!$I:$I,3) -> 840
A8: Leroy | B8: =SUMIF('Base de données'!$B:$B,A8,'Base de données'!$J:$J) -> 3765 | D8: Leroy | E8: =SUMIFS('Base de données'!$J:$J,'Base de données'!$B:$B,$D8,'Base de données'!$I:$I,1) -> 1700 | F8: =SUMIFS('Base de données'!$J:$J,'Base de données'!$B:$B,$D8,'Base de données'!$I:$I,2) -> 1095 | G8: =SUMIFS('Base de données'!$J:$J,'Base de données'!$B:$B,$D8,'Base de données'!$I:$I,3) -> 970
A11: TCD 3 — Analyse par type de séance
A12: Type de séance | B12: Nb séances | C12: Charge moyenne | D12: Distance moyenne
A13: Endurance | B13: =COUNTIF('Base de données'!$C:$C,A13) -> 6 | C13: =AVERAGEIF('Base de données'!$C:$C,A13,'Base de données'!$J:$J) -> 399.16667 | D13: =AVERAGEIF('Base de données'!$C:$C,A13,'Base de données'!$F:$F) -> 8.75
A14: Intervalles | B14: =COUNTIF('Base de données'!$C:$C,A14) -> 6 | C14: =AVERAGEIF('Base de données'!$C:$C,A14,'Base de données'!$J:$J) -> 510.83333 | D14: =AVERAGEIF('Base de données'!$C:$C,A14,'Base de données'!$F:$F) -> 7.4666667
A15: Match | B15: =COUNTIF('Base de données'!$C:$C,A15) -> 6 | C15: =AVERAGEIF('Base de données'!$C:$C,A15,'Base de données'!$J:$J) -> 750 | D15: =AVERAGEIF('Base de données'!$C:$C,A15,'Base de données'!$F:$F) -> 10.8
A16: Récupération | B16: =COUNTIF('Base de données'!$C:$C,A16) -> 6 | C16: =AVERAGEIF('Base de données'!$C:$C,A16,'Base de données'!$J:$J) -> 141.66667 | D16: =AVERAGEIF('Base de données'!$C:$C,A16,'Base de données'!$F:$F) -> 4.95

Sheet Graphiques
A1: Graphiques
A2: Visualisations construites à partir des synthèses.
A4: Évolution de la charge
A5: Semaine | B5: Martin | C5: Dupont | D5: Leroy
A6: Semaine 1 | B6: =Synthèse!B6 -> 1550 | C6: =Synthèse!B7 -> 1470 | D6: =Synthèse!B8 -> 1700
A7: Semaine 2 | B7: =Synthèse!C6 -> 1105 | C7: =Synthèse!C7 -> 1150 | D7: =Synthèse!C8 -> 1095
A8: Semaine 3 | B8: =Synthèse!D6 -> 930 | C8: =Synthèse!D7 -> 840 | D8: =Synthèse!D8 -> 970
A11: Charge totale par joueur
A12: Joueur | B12: Charge totale
A13: Martin | B13: ='Tableaux croisés'!B6 -> 3585
A14: Dupont | B14: ='Tableaux croisés'!B7 -> 3460
A15: Leroy | B15: ='Tableaux croisés'!B8 -> 3765
A18: Charge par type de séance
A19: Type | B19: Charge moyenne
A20: Endurance | B20: ='Tableaux croisés'!C13 -> 399.16667
A21: Intervalles | B21: ='Tableaux croisés'!C14 -> 510.83333
A22: Match | B22: ='Tableaux croisés'!C15 -> 750
A23: Récupération | B23: ='Tableaux croisés'!C16 -> 141.66667

Sheet Tableau de bord
A1: TABLEAU DE BORD — SUIVI DE LA CHARGE U18
A3: Indicateurs clés
A5: Nombre de séances | D5: Charge totale | G5: Charge moyenne | J5: Distance totale
A6: =Synthèse!B11 -> 24 | D6: =Synthèse!B12 -> 10810 | G6: =Synthèse!B13 -> 450.41667 | J6: =Synthèse!B14 -> 191.8
A9: Joueur | B9: Charge totale | C9: Sprints
A10: Martin | B10: ='Tableaux croisés'!B6 -> 3585 | C10: =INDEX(Synthèse!$H$6:$H$8,MATCH(A10,Synthèse!$A$6:$A$8,0)) -> 120
A11: Dupont | B11: ='Tableaux croisés'!B7 -> 3460 | C11: =INDEX(Synthèse!$H$6:$H$8,MATCH(A11,Synthèse!$A$6:$A$8,0)) -> 100
A12: Leroy | B12: ='Tableaux croisés'!B8 -> 3765 | C12: =INDEX(Synthèse!$H$6:$H$8,MATCH(A12,Synthèse!$A$6:$A$8,0)) -> 138
A16: Lecture rapide
A17: Utilisez les graphiques et indicateurs pour formuler des constats, sans confondre observation et causalité.

Sheet Analyse
A1: Analyse et communication
A2: Exemple de trame à compléter à partir du tableau de bord.
A4: Note au staff — 10 à 15 lignes
A5: 1. Deux constats directement appuyés par les données :
A6: 2. Une comparaison entre les joueurs :
A7: 3. Une évolution au cours du cycle :
A8: 4. Un élément nécessitant une attention particulière :
A9: 5. Une limite de l'analyse :
A10: 6. Deux variables supplémentaires à collecter :
A13: Repères pour la production attendue
A14: Charge totale : 10 810 unités
A15: Joueur avec la charge totale la plus élevée : Leroy (3 765)
... A17: Attention : les données fournies couvrent 3 semaines (02/09 au 18/09), malgré l'énoncé mentionnant 4 semaines.

Sheet Guide
A1: Guide rapide
A2: Tutoriel opérationnel associé à l'exercice.
A4: Étape 1 — Importer | B4: Copier les données dans « Données brutes », puis dupliquer la feuille. Vérifier que chaque valeur occupe sa propre cellule.
A5: Étape 2 — Structurer | B5: Dans « Base de données », transformer la plage en Tableau Excel, nommer les colonnes et figer les en-têtes.
A6: Étape 3 — Nettoyer | B6: Trier, filtrer, rechercher/remplacer, supprimer les doublons et documenter chaque anomalie dans « Contrôle qualité ».
A7: Étape 4 — Calculer | B7: Ajouter Semaine, Charge, Vitesse, Sprints/heure et Niveau charge avec des formules. Tester une modification pour vérifier l'automatisation.
A8: Étape 5 — Synthétiser | B8: Utiliser SOMME.SI.ENS, SOMME.SI, NB.SI et MOYENNE.SI pour produire les indicateurs par joueur et par semaine.
A9: Étape 6 — TCD | B9: Construire les trois synthèses : charge par joueur ; charge par joueur/semaine ; analyse par type de séance.
A10: Étape 7 — Graphiques | B10: Créer une courbe d'évolution, un histogramme de comparaison et un graphique de répartition. Ajouter titres et unités.
A11: Étape 8 — Dashboard | B11: Rassembler les indicateurs et graphiques sur une seule feuille. Ajouter un élément interactif et vérifier la lisibilité.
A12: Étape 9 — Interpréter | B12: Rédiger une note professionnelle : constats, comparaison, évolution, point d'attention, limites et nouvelles variables.
